{
  "principle": {
    "id": "pr-001",
    "name": "Do No Harm",
    "description": "Minimize potential and realized harm across stakeholders.",
    "sources": [
      "doc/ref-ethics.md"
    ]
  },
  "risk": {
    "id": "rk-001",
    "description": "Unintended model bias in placement decisions",
    "likelihood": "medium",
    "impact": "high",
    "controls": [
      "ct-004"
    ]
  },
  "control": {
    "id": "ct-004",
    "name": "Bias evaluation",
    "method": "counterfactual evaluation on stratified subgroups",
    "evidence": [
      "ev-101"
    ]
  },
  "learningObjective": {
    "id": "lo-203",
    "skill": "conceptual transfer",
    "level": "intermediate",
    "measurement": [
      "mx-901"
    ]
  },
  "assessment": {
    "id": "as-771",
    "format": "scenario-based",
    "rubric": [
      {
        "criterion": "transfer",
        "scale": "0-4"
      }
    ]
  },
  "channel": {
    "id": "ch-\u03b1",
    "medium": "visual",
    "bandwidth": "low"
  },
  "signal": {
    "id": "sg-\u03c0",
    "contentType": "diagram",
    "encoding": "vector"
  },
  "protocol": {
    "id": "ptl-42",
    "handshake": [
      "consent-check",
      "intent-declare",
      "context-brief"
    ],
    "translation": [
      "semantic-map-v3"
    ]
  },
  "metric": {
    "id": "mx-901",
    "name": "Harm-Adjusted Learning Gain",
    "formula": "\u0394learning * (1 - normalizedRisk)"
  },
  "auditEvidence": {
    "id": "ev-101",
    "type": "report",
    "path": "audits/2025Q3/bias_eval.md",
    "hash": "sha256:placeholder"
  }
}